category,url
通信设备,https://www.cnpp.cn/pinpai/list_1724.html
手机,https://www.cnpp.cn/pinpai/list_348.html
软件开发公司,https://www.cnpp.cn/pinpai/list_1785.html
交换机,https://www.cnpp.cn/pinpai/list_432.html
平板电脑,https://www.cnpp.cn/pinpai/list_396.html
智能手表,https://www.cnpp.cn/pinpai/list_2315.html
路由器,https://www.cnpp.cn/pinpai/list_445.html
笔记本电脑,https://www.cnpp.cn/pinpai/list_375.html
光伏逆变器,https://www.cnpp.cn/pinpai/list_4865.html
会议平板,https://www.cnpp.cn/pinpai/list_5147.html
网络安全,https://www.cnpp.cn/pinpai/list_9400.html
电脑,https://www.cnpp.cn/pinpai/list_399.html
人工智能,https://www.cnpp.cn/pinpai/list_4949.html
视频会议设备,https://www.cnpp.cn/pinpai/list_7150.html
智能手环,https://www.cnpp.cn/pinpai/list_4529.html
无人驾驶,https://www.cnpp.cn/pinpai/list_9616.html
自拍杆,https://www.cnpp.cn/pinpai/list_5130.html
无线ap,https://www.cnpp.cn/pinpai/list_8065.html
无线充电器,https://www.cnpp.cn/pinpai/list_6456.html
ups电源,https://www.cnpp.cn/pinpai/list_422.html
手机充电器,https://www.cnpp.cn/pinpai/list_344.html
电话手表·儿童手表,https://www.cnpp.cn/pinpai/list_4897.html
体重秤,https://www.cnpp.cn/pinpai/list_1381.html
电容笔,https://www.cnpp.cn/pinpai/list_7261.html
充电宝·移动电源,https://www.cnpp.cn/pinpai/list_2220.html
数据线,https://www.cnpp.cn/pinpai/list_2226.html
智能音箱,https://www.cnpp.cn/pinpai/list_5039.html
睡眠监测,https://www.cnpp.cn/pinpai/list_5115.html
车联网,https://www.cnpp.cn/pinpai/list_5567.html
脂肪测量仪,https://www.cnpp.cn/pinpai/list_1382.html
智能家居,https://www.cnpp.cn/pinpai/list_1084.html
电力猫,https://www.cnpp.cn/pinpai/list_9268.html
电视,https://www.cnpp.cn/pinpai/list_143.html
智能电视,https://www.cnpp.cn/pinpai/list_6216.html
蓝牙耳机·无线耳机,https://www.cnpp.cn/pinpai/list_343.html
上网卡,https://www.cnpp.cn/pinpai/list_435.html
随身wifi,https://www.cnpp.cn/pinpai/list_4828.html
物联网,https://www.cnpp.cn/pinpai/list_4754.html
拍照手机,https://www.cnpp.cn/pinpai/list_6476.html
车载充电器,https://www.cnpp.cn/pinpai/list_6796.html
模块电源,https://www.cnpp.cn/pinpai/list_9476.html
国产手机,https://www.cnpp.cn/pinpai/list_7672.html
ADAS系统,https://www.cnpp.cn/pinpai/list_9671.html
电子书阅读器,https://www.cnpp.cn/pinpai/list_798.html
人脸识别锁,https://www.cnpp.cn/pinpai/list_9875.html
指纹锁·智能锁,https://www.cnpp.cn/pinpai/list_1100.html
激光雷达,https://www.cnpp.cn/pinpai/list_10051.html
智慧城市,https://www.cnpp.cn/pinpai/list_10140.html
光猫,https://www.cnpp.cn/pinpai/list_10284.html
通信电源,https://www.cnpp.cn/pinpai/list_7266.html
折叠屏手机,https://www.cnpp.cn/pinpai/list_8659.html
运动耳机,https://www.cnpp.cn/pinpai/list_7205.html
耳机,https://www.cnpp.cn/pinpai/list_439.html
防火墙,https://www.cnpp.cn/pinpai/list_10467.html
nas存储,https://www.cnpp.cn/pinpai/list_8846.html
运动手表,https://www.cnpp.cn/pinpai/list_6871.html
商务笔记本,https://www.cnpp.cn/pinpai/list_6197.html
智能路由器,https://www.cnpp.cn/pinpai/list_6225.html
学生手机,https://www.cnpp.cn/pinpai/list_6226.html
超极本,https://www.cnpp.cn/pinpai/list_6289.html
儿童平板电脑,https://www.cnpp.cn/pinpai/list_6736.html
数据存储,https://www.cnpp.cn/pinpai/list_10805.html
基站天线,https://www.cnpp.cn/pinpai/list_11353.html
子母路由器,https://www.cnpp.cn/pinpai/list_11718.html
高人气笔记本,https://www.cnpp.cn/pinpai/list_6200.html
家用笔记本,https://www.cnpp.cn/pinpai/list_6288.html
迷你音响,https://www.cnpp.cn/pinpai/list_6485.html
TWS无线耳机,https://www.cnpp.cn/pinpai/list_8019.html
云服务器,https://www.cnpp.cn/pinpai/list_4536.html
云桌面·云电脑,https://www.cnpp.cn/pinpai/list_10508.html
云手机,https://www.cnpp.cn/pinpai/list_9787.html
企业服务平台,https://www.cnpp.cn/pinpai/list_10416.html
云会议·视频会议,https://www.cnpp.cn/pinpai/list_5029.html
工业互联网,https://www.cnpp.cn/pinpai/list_9736.html
数字孪生城市,https://www.cnpp.cn/pinpai/list_10441.html
边缘计算,https://www.cnpp.cn/pinpai/list_10468.html